StartDate,EndDate,Status,IPAddress,Progress,Duration (in seconds),Finished,RecordedDate,ResponseId,RecipientLastName,RecipientFirstName,RecipientEmail,ExternalReference,LocationLatitude,LocationLongitude,DistributionChannel,UserLanguage,Q1,Q2,Q2_4_TEXT,Q3,Q3_6_TEXT,Q4,Q14,Q5,Q15,Q7,Q16,Q16_3_TEXT,Q17,Q53,Q9,Q11,Q12,Q20,Q18,Q13,Q13_6_TEXT,Q19,Q22,Q23,Q23_2_TEXT,Q24,Q48,Q29,Q30,Q31,Q27,Q27_2_TEXT,Q54,Q55,Q32,Q34,Q36,Q33,Q35,Q37,Q39,Q40,Q41,Q41_7_TEXT,Q44,Q42,Q45,Q46,Q50_1,Q50_2,Q50_3,Q50_4,Q50_5,Q50_6,Q50_7,Q50_8,Q50_8_TEXT,Q51,Q51_5_TEXT,Q52
Start Date,End Date,Response Type,IP Address,Progress,Duration (in seconds),Finished,Recorded Date,Response ID,Recipient Last Name,Recipient First Name,Recipient Email,External Data Reference,Location Latitude,Location Longitude,Distribution Channel,User Language,What is your age range?,What gender do you identify with? - Selected Choice,What gender do you identify with? - Other (Please Specify): - Text,What is your race? Please select all that apply. - Selected Choice,What is your race? Please select all that apply. - Other (Please Specify): - Text,What is your ethnicity? Please select all that apply.,Are you currently enrolled in a graduate program to obtain your Master's Degree in Speech-Language Pathology?,What university did you obtain your Master's Degree in Speech-Language Pathology?,Are you currently in your Clinical Fellowship year?,What year did you complete your Clinical Fellowship year?,Which county do you currently work for? - Selected Choice,Which county do you currently work for? - Other: - Text,"If Nassau or Suffolk County, what school district are you employed by?",Do you currently work at an elementary school?,What is the name of the elementary school you currently work at?,"Since graduating with your master's degree, how many years of experience do you have in the field of speech-language pathology?",How many years of experience do you have working in the public school setting?,How many students are currently on your caseload?,What are the grade levels of your students currently on your caseload? Please select all that apply.,Please describe the population(s) that are on your caseload. Select all that apply. - Selected Choice,Please describe the population(s) that are on your caseload. Select all that apply. - Other (Please specify): - Text,"How many students on your caseload are identified as students learning English as an additional language? (e.g., ENLs, ELLs)","What are the two most common ethnic groups among your multilingual students? If you do not work with multilingual students, please indicate ""N/A""",Do you (the speech-language pathologist) speak a language other than English with enough proficiency to conduct assessments in that language? - Selected Choice,"Do you (the speech-language pathologist) speak a language other than English with enough proficiency to conduct assessments in that language? - If yes, please indicate what language. - Text",Do you (the speech-language pathologist) speak a language other than English with enough proficiency to provide interventions in that language?,"If you speak a language other than English, please rate your proficiency in that language.",How frequently do you use interpreters when conducting assessments with students who are English learners (ELs)?,How frequently do you use interpreters when providing interventions with students who are ELs?,How frequently do you use an interpreter to communicate with parents whose primary language is other than English?,Have you had any graduate coursework that specifically addressed working with interpreters? - Selected Choice,"Have you had any graduate coursework that specifically addressed working with interpreters? - If yes, please provide the graduate course name - Text","How frequently did your graduate program offer workshops, specialty lectures, etc. that specifically addressed working with interpreters?","How many workshops, specialty lectures, etc. did you attend during graduate school that addressed working with an interpreter?",I feel prepared to work with an interpreter when conducting assessments with ELs.,I believe that it is not challenging to work with an interpreter when conducting assessments with ELs.,I do not feel confident in working with an interpreter when conducting assessments with ELs.,I feel prepared to work with an interpreter when providing intervention with ELs.,I believe that it is not challenging to work with an interpreter when providing intervention with ELs.,I do not feel confident in working with an interpreter when providing intervention with ELs.,What type of preparation(s) did you receive during graduate school to work with interpreters? Please select all that apply.,Does your school district provide professional learning opportunities that prepare  speech-language pathologists to work with interpreters?,What type of professional learning opportunities are offered by your work setting that prepares you to work with interpreters? Please select all that apply. - Selected Choice,What type of professional learning opportunities are offered by your work setting that prepares you to work with interpreters? Please select all that apply. - Other (Please specify): - Text,Are there any specific models that your school district promotes that guides speech-language pathologists in their work with interpreters?,I feel that professional learning opportunities provided by the school district prepare speech-language pathologists to work with interpreters.,I feel that workshops provided by school districts prepare speech-language pathologists to work with interpreters.,I feel that continuing education courses prepare speech-language pathologists to work with interpreters.,"Of the following, how important are these in the preparation of speech-language pathologists to work with interpreters? - Certificate Programs","Of the following, how important are these in the preparation of speech-language pathologists to work with interpreters? - Continuing Education Units (CEUs)","Of the following, how important are these in the preparation of speech-language pathologists to work with interpreters? - Online Modules","Of the following, how important are these in the preparation of speech-language pathologists to work with interpreters? - Workshops","Of the following, how important are these in the preparation of speech-language pathologists to work with interpreters? - Seminars","Of the following, how important are these in the preparation of speech-language pathologists to work with interpreters? - Webinars","Of the following, how important are these in the preparation of speech-language pathologists to work with interpreters? - University Coursework","Of the following, how important are these in the preparation of speech-language pathologists to work with interpreters? - Other (Please specify):","Of the following, how important are these in the preparation of speech-language pathologists to work with interpreters? - Other (Please specify): - Text",How can universities best offer coursework in preparing speech-language pathologists to work with interpreters? Please select all that apply. - Selected Choice,How can universities best offer coursework in preparing speech-language pathologists to work with interpreters? Please select all that apply. - Other (Please specify): - Text,How do you believe your school district can support your level of preparedness when working with interpreters? Please be specific.
"{""ImportId"":""startDate"",""timeZone"":""America/Denver""}","{""ImportId"":""endDate"",""timeZone"":""America/Denver""}","{""ImportId"":""status""}","{""ImportId"":""ipAddress""}","{""ImportId"":""progress""}","{""ImportId"":""duration""}","{""ImportId"":""finished""}","{""ImportId"":""recordedDate"",""timeZone"":""America/Denver""}","{""ImportId"":""_recordId""}","{""ImportId"":""recipientLastName""}","{""ImportId"":""recipientFirstName""}","{""ImportId"":""recipientEmail""}","{""ImportId"":""externalDataReference""}","{""ImportId"":""locationLatitude""}","{""ImportId"":""locationLongitude""}","{""ImportId"":""distributionChannel""}","{""ImportId"":""userLanguage""}","{""ImportId"":""QID1""}","{""ImportId"":""QID2""}","{""ImportId"":""QID2_4_TEXT""}","{""ImportId"":""QID3""}","{""ImportId"":""QID3_6_TEXT""}","{""ImportId"":""QID4""}","{""ImportId"":""QID14""}","{""ImportId"":""QID5_TEXT""}","{""ImportId"":""QID15""}","{""ImportId"":""QID7_TEXT""}","{""ImportId"":""QID16""}","{""ImportId"":""QID16_3_TEXT""}","{""ImportId"":""QID17_TEXT""}","{""ImportId"":""QID53""}","{""ImportId"":""QID9_TEXT""}","{""ImportId"":""QID11""}","{""ImportId"":""QID12""}","{""ImportId"":""QID20""}","{""ImportId"":""QID18""}","{""ImportId"":""QID13""}","{""ImportId"":""QID13_6_TEXT""}","{""ImportId"":""QID19""}","{""ImportId"":""QID22""}","{""ImportId"":""QID23""}","{""ImportId"":""QID23_2_TEXT""}","{""ImportId"":""QID24""}","{""ImportId"":""QID57""}","{""ImportId"":""QID29""}","{""ImportId"":""QID30""}","{""ImportId"":""QID31""}","{""ImportId"":""QID27""}","{""ImportId"":""QID27_2_TEXT""}","{""ImportId"":""QID54""}","{""ImportId"":""QID55""}","{""ImportId"":""QID32""}","{""ImportId"":""QID34""}","{""ImportId"":""QID36""}","{""ImportId"":""QID33""}","{""ImportId"":""QID35""}","{""ImportId"":""QID37""}","{""ImportId"":""QID39""}","{""ImportId"":""QID40""}","{""ImportId"":""QID41""}","{""ImportId"":""QID41_7_TEXT""}","{""ImportId"":""QID44""}","{""ImportId"":""QID42""}","{""ImportId"":""QID45""}","{""ImportId"":""QID46""}","{""ImportId"":""QID50_1""}","{""ImportId"":""QID50_2""}","{""ImportId"":""QID50_3""}","{""ImportId"":""QID50_4""}","{""ImportId"":""QID50_5""}","{""ImportId"":""QID50_6""}","{""ImportId"":""QID50_7""}","{""ImportId"":""QID50_8""}","{""ImportId"":""QID50_8_TEXT""}","{""ImportId"":""QID51""}","{""ImportId"":""QID51_5_TEXT""}","{""ImportId"":""QID52_TEXT""}"
2024-11-21 05:38:13,2024-11-21 05:38:37,IP Address,104.28.79.163,100,23,True,2024-11-21 05:38:38,R_7Xj5V6P9hKeFee4,,,,,38.8865,-77.0911,anonymous,EN,26-30,Female,,Asian,,Asian,Yes,,,,,,,,,,,,,,,,,,,,,,,,,,,,,,,,,,,,,,,,,,,,,,,,,,,,,
2024-11-21 05:39:00,2024-11-21 05:39:57,IP Address,104.28.39.157,100,56,True,2024-11-21 05:39:58,R_611ISjRln3YgvPg,,,,,38.8616,-77.2663,anonymous,EN,26-30,Female,,White,,White,No,"Stony brook ",No,2022,Suffolk County,,Riverhead High School,No,,,,,,,,,,,,,,,,,,,,,,,,,,,,,,,,,,,,,,,,,,,,,,
2024-11-21 05:40:02,2024-11-21 05:43:56,IP Address,104.28.39.160,100,233,True,2024-11-21 05:43:57,R_3uGRTTr4IVt8akx,,,,,38.8924,-77.0757,anonymous,EN,31-35,Male,,Black or African American,,"Black or African American ",No,"Binghamton ",Yes,,Suffolk County,,"Westhampton ",Yes,"Westhampton Beach Elementary ",3-5,"1-2		",6-10,"1st   	 ,2nd		,3rd   		","Children with autism spectrum disorder ,Children who are learning English as an additional language",,1-5,"Hispanic, Latino, or Spanish origin",No,,No,,"Often ","Often ","Often ",No,,Sometimes,1-2,Neutral,Disagree,Disagree,Neutral,Disagree,Neutral,Workshops,No,Workshops,,No,Neutral,Neutral,"Agree ",Important,Very Important,Important,Very Important,Neutral,Neutral,Very Important,,,Integrated into existing graduate courses,,
2024-11-21 05:46:17,2024-11-21 05:50:46,IP Address,104.28.77.148,100,268,True,2024-11-21 05:50:47,R_3JwfFUovHr5ggeZ,,,,,38.9522,-77.0253,anonymous,EN,26-30,Male,,White,,White,No,NYU,Yes,,Suffolk County,,Port Jeff,Yes,PJ Elementaryv,"6-10 ","6-10 		",11-15,"1st   	 ,2nd		,3rd   		,4th         	","Children with autism spectrum disorder ,Children with speech sound disorders (i.e., articulation and phonological),Children who are learning English as an additional language",,6-10,"Hispanic, Latino, or Spanish origin",No,,No,,"Often ",Always,"Often ",No,,Sometimes,3-4,Agree,Agree,Disagree,Agree,Agree,Disagree,"Workshops,Guest Speaker(s),Lecture(s),Hands-on experience (e.g., clinical rotations and externships)",Yes,"Online Modules,Workshops,Seminars",,Yes,Agree,Agree,"Agree ",Very Important,Very Important,Neutral,Very Important,Neutral,Important,Very Important,,,"Entire undergraduate course,Entire graduate course",,
2024-11-21 06:01:58,2024-11-21 06:02:12,IP Address,174.244.147.29,100,14,True,2024-11-21 06:02:13,R_76FbZnT5kyd8H8B,,,,,40.6286,-73.939,anonymous,EN,31-35,Female,,Black or African American,,"Black or African American ",Yes,,,,,,,,,,,,,,,,,,,,,,,,,,,,,,,,,,,,,,,,,,,,,,,,,,,,,
2024-11-21 06:03:05,2024-11-21 06:05:01,IP Address,174.244.147.29,100,115,True,2024-11-21 06:05:02,R_68cvlFvN5lJcqLT,,,,,40.6286,-73.939,anonymous,EN,41-45,Female,,Native Hawaiian or Pacific Islander,,Native Hawaiian or Pacific Islander,No,NYU,Yes,,Nassau County,,West Hempstead,No,,,,,,,,,,,,,,,,,,,,,,,,,,,,,,,,,,,,,,,,,,,,,,
2024-11-21 06:06:43,2024-11-21 06:06:59,IP Address,174.244.147.29,100,16,True,2024-11-21 06:07:00,R_5pKwCLotvRGdx5h,,,,,40.6286,-73.939,anonymous,EN,21-25,Female,,Asian,,Asian,Yes,,,,,,,,,,,,,,,,,,,,,,,,,,,,,,,,,,,,,,,,,,,,,,,,,,,,,
2024-11-21 06:07:07,2024-11-21 06:11:19,IP Address,174.244.147.29,100,251,True,2024-11-21 06:11:19,R_1eHp0N3kb6gIa3f,,,,,40.6286,-73.939,anonymous,EN,31-35,Female,,White,,"Hispanic, Latino, or Spanish origin",No,SBU,No,2015,Nassau County,,"Westbury ",Yes,Westbury Elementary,"6-10 ","3-5 		",6-10,"1st   	 ,2nd		,3rd   		","Children with speech sound disorders (i.e., articulation and phonological),Children with motor speech disorders (i.e., Childhood Apraxia of Speech),Children who are learning English as an additional language",,1-5,"Hispanic, Latino, or Spanish origin","If yes, please indicate what language.",Spanish,"If yes, please indicate what language.",Intermediate,Rarely,Rarely,Rarely,No,,Sometimes,1-2,Agree,Agree,Disagree,Agree,Agree,Disagree,"Workshops,Guest Speaker(s),Lecture(s),Hands-on experience (e.g., clinical rotations and externships)",No,"Online Modules,Workshops,Seminars,Webinars",,No,Agree,Agree,"Agree ",Important,Very Important,Important,Very Important,Important,Neutral,Very Important,,,"Entire undergraduate course,Entire graduate course,Integrated into existing graduate courses",,
2024-11-21 06:13:58,2024-11-21 06:18:47,IP Address,174.244.147.29,100,289,True,2024-11-21 06:18:48,R_72PulMRRLDwo2fD,,,,,40.6286,-73.939,anonymous,EN,26-30,Non-binary,,White,,White,No,Syracuse,No,2020,Suffolk County,,Rocky Point,Yes,Rocky Point Elementary,1-2,"1-2		",1-5,"1st   	 ,2nd		","Children with hearing loss,Children who are learning English as an additional language",,1-5,"Hispanic, Latino, or Spanish origin",No,,No,,"Often ","Often ","Often ",No,,"Rarely ",None,Disagree,Disagree,Agree,Disagree,Neutral,Neutral,"Guest Speaker(s),Lecture(s)",No,"Online Modules,Seminars",,No,Disagree,Disagree,"Agree ",Very Important,Important,Neutral,Very Important,Important,Neutral,Very Important,,,"Entire undergraduate course,Entire graduate course,Integrated into existing undergraduate courses,Integrated into existing graduate courses",,
2024-11-21 06:21:32,2024-11-21 06:25:29,IP Address,174.244.147.29,100,237,True,2024-11-21 06:25:30,R_5pYotoiUc0txhLz,,,,,40.6286,-73.939,anonymous,EN,36-40,Female,,Black or African American,,"Black or African American ",No,Hofstra,No,2014,Suffolk County,,Shoreham Wading River,Yes,Shoreham Elementary,"6-10 ","3-5 		",6-10,"3rd   		,4th         	","Children with autism spectrum disorder ,Children with hearing loss,Children who are learning English as an additional language",,1-5,"Hispanic, Latino, or Spanish origin",No,,No,,Always,Always,"Often ",No,,Sometimes,1-2,Agree,Agree,Disagree,Agree,Agree,Disagree,"Workshops,Guest Speaker(s),Lecture(s)",Yes,"Continuing Education Units (CEUs),Online Modules,Workshops",,Yes,Disagree,Disagree,Neutral,Important,Very Important,Neutral,Very Important,Important,Neutral,Very Important,,,"Integrated into existing undergraduate courses,Integrated into existing graduate courses",,
2024-11-21 06:42:29,2024-11-21 06:42:42,IP Address,174.244.147.29,100,12,True,2024-11-21 06:42:43,R_3ksKkweLPoqskmw,,,,,40.6286,-73.939,anonymous,EN,36-40,Male,,White,,White,Yes,,,,,,,,,,,,,,,,,,,,,,,,,,,,,,,,,,,,,,,,,,,,,,,,,,,,,
2024-11-21 06:43:20,2024-11-21 06:49:42,IP Address,174.244.147.29,100,381,True,2024-11-21 06:49:43,R_3og0oZYgEfvDvpL,,,,,40.6286,-73.939,anonymous,EN,26-30,Female,,White,,White,No,NYU,No,2019,Nassau County,,Bellmore,Yes,Bellmore Elementary,1-2,"1-2		",1-5,"1st   	 ,2nd		","Children with autism spectrum disorder ",,1-5,Asian,No,,No,,"Often ",Always,Always,No,,Sometimes,1-2,Neutral,Disagree,Neutral,Neutral,Neutral,Disagree,"Workshops,Lecture(s),Hands-on experience (e.g., clinical rotations and externships)",Yes,"Online Modules,Workshops,Seminars",,No,Disagree,Disagree,Disagree,Very Important,Important,Neutral,Very Important,Very Important,Very Important,Very Important,,,"Entire undergraduate course,Entire graduate course",,Providing more seminars
2024-11-21 06:50:28,2024-11-21 06:54:48,IP Address,174.244.147.29,100,259,True,2024-11-21 06:54:49,R_3AF1yU6coJWvYcd,,,,,40.6286,-73.939,anonymous,EN,31-35,Female,,Black or African American,,"Black or African American ",No,Scranton,No,2018,Suffolk County,,Miller Place,Yes,Miller Place Elementary,3-5,"1-2		",6-10,"K      	,1st   	 ,2nd		,3rd   		,4th         	","Children with hearing loss,Children with motor speech disorders (i.e., Childhood Apraxia of Speech),Children who are learning English as an additional language",,1-5,Asian,No,,No,,"Often ",Always,Always,No,,"Rarely ",None,Neutral,Disagree,Disagree,Neutral,Neutral,Disagree,"Guest Speaker(s),Lecture(s)",No,"Online Modules,Workshops,Seminars",,No,Agree,Agree,"Agree ",Very Important,Important,Very Important,Important,Very Important,Very Important,Very Important,,,"Entire undergraduate course,Entire graduate course",,
2024-11-21 06:57:37,2024-11-21 07:01:04,IP Address,174.244.147.29,100,206,True,2024-11-21 07:01:06,R_51XrdLnLoyMSQOl,,,,,40.6286,-73.939,anonymous,EN,46-50,Female,,White,,White,No,LIU,No,2005,Suffolk County,,Longwood,Yes,Longwood Elementary,"16-20			","11-15 		",11-15,"Pre-K 	   ,K      	,1st   	 ","Children with autism spectrum disorder ,Children who are learning English as an additional language",,1-5,"Middle Eastern or North African ",No,,No,,"Often ","Often ",Always,No,,"Rarely ",None,Agree,Agree,Disagree,Agree,Agree,Disagree,"Guest Speaker(s),Lecture(s)",Yes,"Workshops,Seminars,Webinars",,No,Agree,Agree,Neutral,Very Important,Very Important,Important,Important,Important,Important,Important,,,"Entire undergraduate course,Entire graduate course",,
2024-11-21 07:02:50,2024-11-21 07:09:07,IP Address,174.244.147.29,100,376,True,2024-11-21 07:09:08,R_7kRn9NB8ejmJv6n,,,,,40.6286,-73.939,anonymous,EN,31-35,Male,,American Indian or Alaska Native,,American Indian or Alaskan Native,No,SBU,No,2014,Suffolk County,,William Floyd,Yes,William Floyd Elementary,3-5,"3-5 		",1-5,"K      	,1st   	 ","Children with hearing loss,Children with speech sound disorders (i.e., articulation and phonological),Children with motor speech disorders (i.e., Childhood Apraxia of Speech),Children who are learning English as an additional language",,1-5,"Hispanic, Latino, or Spanish origin",No,,No,,Always,Always,Always,No,,Often,3-4,Agree,Strongly Agree,Disagree,Agree,Agree,Disagree,"One or more course(s),Guest Speaker(s),Lecture(s),Hands-on experience (e.g., clinical rotations and externships)",Yes,"Certificate Program,Continuing Education Units (CEUs),Seminars,Webinars",,Yes,Agree,Agree,Strongly Agree,Very Important,Very Important,Neutral,Very Important,Important,Important,Very Important,,,"Entire undergraduate course,Entire graduate course,Integrated into existing undergraduate courses,Integrated into existing graduate courses",,
2024-11-21 07:17:44,2024-11-21 07:24:32,IP Address,174.244.147.29,100,407,True,2024-11-21 07:24:32,R_7QGSFcydtlSCswi,,,,,40.6286,-73.939,anonymous,EN,31-35,Male,,Black or African American,,"Black or African American ",No,St. Johns,No,2015,Nassau County,,East Meadow,Yes,East Meadow Elementary,"6-10 ","3-5 		",1-5,"Pre-K 	   ,K      	,1st   	 ","Children with speech sound disorders (i.e., articulation and phonological),Children who are learning English as an additional language",,1-5,Native Hawaiian or Pacific Islander,No,,No,,"Often ","Often ",Always,No,,Sometimes,1-2,Agree,Neutral,Neutral,Agree,Disagree,Disagree,"Workshops,Guest Speaker(s),Lecture(s)",No,None,,No,Neutral,Neutral,Neutral,Very Important,Very Important,Neutral,Very Important,Important,Neutral,Very Important,,,"Entire graduate course,Integrated into existing graduate courses",,
2024-11-21 07:38:47,2024-11-21 07:48:18,IP Address,174.244.147.29,100,570,True,2024-11-21 07:48:19,R_1PYoNKdlgcOTGoK,,,,,40.6286,-73.939,anonymous,EN,26-30,Male,,American Indian or Alaska Native,,American Indian or Alaskan Native,No,Adelphi Univ,No,2018,Suffolk County,,Lynbrook,Yes,Lynbrook Elementary,3-5,"1-2		",1-5,"1st   	 ,2nd		,3rd   		,4th         	","Children with hearing loss,Children with speech sound disorders (i.e., articulation and phonological),Children with motor speech disorders (i.e., Childhood Apraxia of Speech),Children who are learning English as an additional language",,1-5,"Hispanic, Latino, or Spanish origin",No,,No,,Sometimes,"Often ",Sometimes,No,,Sometimes,1-2,Agree,Disagree,Disagree,Agree,Agree,Disagree,"One or more course(s),Workshops,Lecture(s),Hands-on experience (e.g., clinical rotations and externships)",Yes,"Certificate Program,Continuing Education Units (CEUs),Workshops",,Yes,Agree,Agree,"Agree ",Very Important,Very Important,Important,Important,Important,Neutral,Very Important,,,"Entire graduate course,Integrated into existing undergraduate courses,Integrated into existing graduate courses",,
2024-11-21 07:48:55,2024-11-21 07:51:52,IP Address,174.244.147.29,100,176,True,2024-11-21 07:51:52,R_6QKG4GklQSvpv8l,,,,,40.6286,-73.939,anonymous,EN,21-25,Female,,White,,White,Yes,,,,,,,,,,,,,,,,,,,,,,,,,,,,,,,,,,,,,,,,,,,,,,,,,,,,,
2024-11-21 07:52:25,2024-11-21 07:53:48,IP Address,174.244.147.29,100,82,True,2024-11-21 07:53:49,R_8Gc9nvFqPPFfKmd,,,,,40.6286,-73.939,anonymous,EN,26-30,Male,,White,,White,No,Scranton,No,2017,Suffolk County,,Valley Stream,No,,,,,,,,,,,,,,,,,,,,,,,,,,,,,,,,,,,,,,,,,,,,,,
2024-11-21 07:53:51,2024-11-21 07:58:16,IP Address,174.244.147.29,100,264,True,2024-11-21 07:58:16,R_2wWzAPU1BdPBUPL,,,,,40.6286,-73.939,anonymous,EN,41-45,Male,,Native Hawaiian or Pacific Islander,,Native Hawaiian or Pacific Islander,No,Ithaca,No,2008,Nassau County,,Port Washington,Yes,Port Washington Elementary,"11-15 		","11-15 		",6-10,"Pre-K 	   ,K      	,1st   	 ","Children with autism spectrum disorder ,Children with hearing loss,Children with speech sound disorders (i.e., articulation and phonological),Children who are learning English as an additional language",,1-5,Native Hawaiian or Pacific Islander,No,,No,,"Often ","Often ",Always,No,,Always,5 or more,Strongly Agree,Strongly Agree,Strongly Disagree,Strongly Agree,Strongly Agree,Strongly Disagree,"One or more course(s),Workshops,Guest Speaker(s),Lecture(s),Hands-on experience (e.g., clinical rotations and externships)",Yes,"Certificate Program,Continuing Education Units (CEUs),Online Modules",,Yes,Agree,Strongly Agree,"Agree ",Very Important,Very Important,Important,Very Important,Very Important,Important,Very Important,,,"Entire graduate course,Integrated into existing graduate courses",,
2024-11-21 08:00:06,2024-11-21 08:03:48,IP Address,174.244.147.29,100,221,True,2024-11-21 08:03:49,R_10uru05RoGIJ03v,,,,,40.6286,-73.939,anonymous,EN,31-35,Male,,Black or African American,,"Black or African American ",No,Molloy College,No,2010,Nassau County,,Valley Stream,Yes,Valley Stream Elementary,"6-10 ","3-5 		",6-10,"3rd   		,4th         	","Children with autism spectrum disorder ,Children who are learning English as an additional language",,1-5,"Hispanic, Latino, or Spanish origin",No,,No,,"Often ","Often ",Always,No,,Often,3-4,Strongly Agree,Agree,Disagree,Agree,Strongly Agree,Disagree,"Workshops,Guest Speaker(s),Lecture(s),Hands-on experience (e.g., clinical rotations and externships)",Yes,"Certificate Program,Continuing Education Units (CEUs),Seminars,Webinars",,Yes,Agree,Strongly Agree,Strongly Agree,Very Important,Very Important,Important,Important,Very Important,Unimportant,Very Important,,,"Entire undergraduate course,Integrated into existing undergraduate courses",,
2024-11-21 08:03:57,2024-11-21 08:09:00,IP Address,174.244.147.29,100,303,True,2024-11-21 08:09:02,R_1XvWSuD6NlrAzfP,,,,,40.6286,-73.939,anonymous,EN,46-50,Male,,White,,"Hispanic, Latino, or Spanish origin",No,Hofstra University,No,2007,,,East Meadow,Yes,East Meadow Elementary,"16-20			","16-20			",11-15,"1st   	 ,2nd		,3rd   		,4th         	,5th            ","Children with autism spectrum disorder ,Children with motor speech disorders (i.e., Childhood Apraxia of Speech),Children who are learning English as an additional language",,6-10,"Hispanic, Latino, or Spanish origin","If yes, please indicate what language.",Spanish,"If yes, please indicate what language.",Fluent,Rarely,Rarely,Rarely,No,,Often,1-2,Agree,Agree,Disagree,Agree,Strongly Agree,Strongly Disagree,"Workshops,Lecture(s),Hands-on experience (e.g., clinical rotations and externships)",Yes,Online Modules,,No,Neutral,Neutral,"Agree ",Very Important,Very Important,Important,Important,Important,Very Important,Very Important,,,"Entire undergraduate course,Entire graduate course,Integrated into existing undergraduate courses,Integrated into existing graduate courses",,
2024-11-21 08:12:55,2024-11-21 08:16:43,IP Address,174.244.147.29,100,227,True,2024-11-21 08:16:43,R_5cv0icbUch8sV99,,,,,40.6286,-73.939,anonymous,EN,21-25,Male,,White,,White,No,SBU,No,2022,Suffolk County,,Rocky Point,Yes,Rocky Point Elementary,1-2,Less than one year,1-5,"1st   	 ,2nd		","Children with speech sound disorders (i.e., articulation and phonological),Children who are learning English as an additional language",,1-5,Not Applicable (N/A),No,,No,,"Often ","Often ","Often ",No,,Always,1-2,Agree,Agree,Disagree,Strongly Agree,Strongly Agree,Disagree,"One or more course(s),Workshops,Lecture(s)",Yes,"Online Modules,Workshops,Webinars",,No,Agree,Agree,Strongly Agree,Very Important,Important,Important,Very Important,Important,Important,Very Important,,,"Integrated into existing undergraduate courses,Integrated into existing graduate courses",,
2024-11-21 08:20:01,2024-11-21 08:31:35,IP Address,174.244.147.29,100,694,True,2024-11-21 08:31:37,R_5OVaqvM2OuRnZ9g,,,,,40.6286,-73.939,anonymous,EN,31-35,Male,,Asian,,Asian,No,SBU,No,2015,Suffolk County,,Westhampton Beach,Yes,Westhampton Beach Elementary,"6-10 ","3-5 		",11-15,"1st   	 ,2nd		,3rd   		,4th         	,5th            ","Children with autism spectrum disorder ,Children with hearing loss,Children with speech sound disorders (i.e., articulation and phonological),Children with motor speech disorders (i.e., Childhood Apraxia of Speech),Children who are learning English as an additional language",,1-5,"Hispanic, Latino, or Spanish origin",No,,No,,Always,Always,Always,No,,Often,3-4,Strongly Agree,Strongly Agree,Strongly Disagree,Strongly Agree,Strongly Agree,Strongly Disagree,"One or more course(s),Lecture(s),Hands-on experience (e.g., clinical rotations and externships)",Yes,"Certificate Program,Workshops",,Yes,Agree,Agree,"Agree ",Very Important,Very Important,Important,Important,Important,Important,Very Important,,,"Entire graduate course,Integrated into existing graduate courses",,
2024-11-21 08:36:14,2024-11-21 08:39:52,IP Address,174.244.147.29,100,218,True,2024-11-21 08:39:53,R_5CEgB5j6AGWLPvH,,,,,40.6286,-73.939,anonymous,EN,26-30,Female,,White,,White,No,NYU,No,2019,Suffolk County,,Riverhead,Yes,Pulaski Elementary,3-5,"3-5 		",1-5,"1st   	 ,2nd		,4th         	","Children with speech sound disorders (i.e., articulation and phonological),Children with motor speech disorders (i.e., Childhood Apraxia of Speech),Children who are learning English as an additional language",,1-5,"Hispanic, Latino, or Spanish origin",No,,No,,Always,Always,"Often ",No,,Often,3-4,Strongly Agree,Strongly Agree,Strongly Disagree,Agree,Strongly Agree,Disagree,"Lecture(s),Hands-on experience (e.g., clinical rotations and externships)",Yes,"Online Modules,Workshops",,Yes,Agree,Agree,"Agree ",Very Important,Very Important,Important,Important,Very Important,Important,Very Important,,,"Entire undergraduate course,Entire graduate course,Integrated into existing undergraduate courses,Integrated into existing graduate courses",,
2024-11-21 08:40:21,2024-11-21 08:47:36,IP Address,174.244.147.29,100,434,True,2024-11-21 08:47:37,R_3HLmZpoLXF9iucH,,,,,40.6286,-73.939,anonymous,EN,31-35,Female,,White,,White,No,LIU,No,2015,Suffolk County,,East Meadow,Yes,East Meadow Elementary,"6-10 ","3-5 		",1-5,"K      	,1st   	 ,2nd		","Children with autism spectrum disorder ,Children with speech sound disorders (i.e., articulation and phonological),Children with motor speech disorders (i.e., Childhood Apraxia of Speech),Children who are learning English as an additional language",,1-5,Asian,No,,No,,Always,Always,Always,No,,Often,3-4,Strongly Agree,Agree,Disagree,Agree,Agree,Disagree,"Workshops,Guest Speaker(s),Lecture(s)",Yes,Online Modules,,Yes,Disagree,Disagree,Disagree,Very Important,Important,Important,Important,Important,Important,Very Important,,,"Entire undergraduate course,Entire graduate course,Integrated into existing graduate courses",,
2024-11-21 09:07:20,2024-11-21 09:11:16,IP Address,174.244.147.29,100,235,True,2024-11-21 09:11:16,R_7uKRrnB8fvsI6Dr,,,,,40.6286,-73.939,anonymous,EN,31-35,Female,,Black or African American,,"Black or African American ",No,Hoftsra,No,2014,Suffolk County,,Miller Place,Yes,Miller Place Elementary,"6-10 ","6-10 		",6-10,"K      	,1st   	 ,2nd		","Children with autism spectrum disorder ,Children with speech sound disorders (i.e., articulation and phonological),Children who are learning English as an additional language",,1-5,Native Hawaiian or Pacific Islander,No,,No,,"Often ","Often ","Often ",No,,Sometimes,1-2,Agree,Agree,Disagree,Agree,Agree,Disagree,"Workshops,Lecture(s)",Yes,"Online Modules,Seminars",,Yes,Agree,Agree,"Agree ",Very Important,Very Important,Important,Important,Neutral,Neutral,Very Important,,,"Entire graduate course,Integrated into existing graduate courses",,
2024-11-21 09:11:24,2024-11-21 09:15:48,IP Address,174.244.147.29,100,263,True,2024-11-21 09:15:48,R_3hzcdK7g0Occa1b,,,,,40.6286,-73.939,anonymous,EN,26-30,Female,,Asian,,Asian,No,LIU,No,2018,Suffolk County,,Riverhead,Yes,Aquebogue,3-5,"3-5 		",1-5,"1st   	 ,5th            ","Children with hearing loss,Children who are learning English as an additional language",,1-5,Asian,No,,No,,"Often ","Often ","Often ",No,,Sometimes,1-2,Neutral,Agree,Disagree,Neutral,Neutral,Disagree,Lecture(s),Yes,"Online Modules,Workshops",,Yes,Agree,Neutral,Neutral,Very Important,Very Important,Neutral,Important,Important,Important,Very Important,,,"Entire graduate course,Integrated into existing undergraduate courses,Integrated into existing graduate courses",,
2024-11-21 09:21:24,2024-11-21 09:22:57,IP Address,174.244.147.29,100,93,True,2024-11-21 09:22:58,R_5mt3kjmS19PU1MZ,,,,,40.6286,-73.939,anonymous,EN,36-40,Male,,Asian,,Asian,No,NYU,No,2015,Suffolk County,,Rocky Point,No,,,,,,,,,,,,,,,,,,,,,,,,,,,,,,,,,,,,,,,,,,,,,,
2024-11-21 09:23:06,2024-11-21 09:23:41,IP Address,174.244.147.29,100,35,True,2024-11-21 09:23:42,R_11YixnX17BTRGTw,,,,,40.6286,-73.939,anonymous,EN,31-35,Male,,Asian,,Asian,No,NYU,No,2016,Suffolk County,,East Meadow,No,,,,,,,,,,,,,,,,,,,,,,,,,,,,,,,,,,,,,,,,,,,,,,
2024-11-21 09:23:49,2024-11-21 09:27:20,IP Address,174.244.147.29,100,211,True,2024-11-21 09:27:22,R_1hsifRBQqfdBjEB,,,,,40.6286,-73.939,anonymous,EN,36-40,Male,,Black or African American,,"Black or African American ",No,Adelphi,No,2014,Suffolk County,,Westhampton Beach,Yes,Westhampton Beach Elementary,"6-10 ","3-5 		",1-5,"1st   	 ,2nd		,3rd   		","Children with speech sound disorders (i.e., articulation and phonological),Children with motor speech disorders (i.e., Childhood Apraxia of Speech),Children who are learning English as an additional language",,1-5,Asian,No,,No,,Always,Always,Sometimes,,,Sometimes,1-2,Agree,Agree,Disagree,Agree,Agree,Disagree,"Workshops,Guest Speaker(s),Hands-on experience (e.g., clinical rotations and externships)",Yes,"Continuing Education Units (CEUs),Workshops,Webinars",,Yes,Agree,Agree,"Agree ",Very Important,Very Important,Important,Very Important,Very Important,Very Important,Very Important,,,"Entire undergraduate course,Entire graduate course,Integrated into existing undergraduate courses,Integrated into existing graduate courses",,
2024-11-21 09:27:27,2024-11-21 09:31:03,IP Address,174.244.147.29,100,215,True,2024-11-21 09:31:03,R_7VZC4JwfknrSQ0x,,,,,40.6286,-73.939,anonymous,EN,26-30,Non-binary,,White,,White,No,SBU,No,2017,Nassau County,,Lynbrook,Yes,Lynbrook Elementary,"6-10 ","6-10 		",1-5,"3rd   		,4th         	","Children with autism spectrum disorder ,Children with hearing loss,Children who are learning English as an additional language",,1-5,"Middle Eastern or North African ",No,,No,,"Often ","Often ","Often ","If yes, please provide the graduate course name",,Often,1-2,Strongly Agree,Strongly Agree,Strongly Disagree,Strongly Agree,Strongly Agree,Strongly Disagree,"Workshops,Guest Speaker(s),ASHA Practice Portal,Hands-on experience (e.g., clinical rotations and externships)",Yes,"Online Modules,Webinars",,Yes,Agree,Agree,"Agree ",Very Important,Very Important,Very Important,Very Important,Very Important,Very Important,Very Important,,,"Entire graduate course,Integrated into existing graduate courses",,
2024-11-21 09:35:05,2024-11-21 09:39:19,IP Address,174.244.147.29,100,253,True,2024-11-21 09:39:20,R_5qoR0nHXAUfXTxv,,,,,40.6286,-73.939,anonymous,EN,36-40,Male,,American Indian or Alaska Native,,American Indian or Alaskan Native,No,SBU,No,2010,Suffolk County,,Shoreham Wading River,Yes,Shoreham Wading River,"11-15 		","11-15 		",1-5,"3rd   		,4th         	","Children with autism spectrum disorder ,Children with speech sound disorders (i.e., articulation and phonological),Children who are learning English as an additional language",,1-5,Asian,No,,No,,"Often ","Often ","Often ","If yes, please provide the graduate course name",,Always,3-4,Strongly Agree,Strongly Agree,Strongly Disagree,Strongly Agree,Strongly Agree,Strongly Disagree,"One or more course(s),Workshops,Hands-on experience (e.g., clinical rotations and externships)",Yes,"Certificate Program,Continuing Education Units (CEUs),Webinars",,Yes,Strongly Agree,Strongly Agree,Strongly Agree,Very Important,Very Important,Very Important,Very Important,Very Important,Very Important,Very Important,,,"Entire graduate course,Integrated into existing undergraduate courses,Integrated into existing graduate courses",,
2024-11-21 09:41:10,2024-11-21 09:45:38,IP Address,174.244.147.29,100,267,True,2024-11-21 09:45:39,R_3sS8NqanPzfRYSZ,,,,,40.6286,-73.939,anonymous,EN,26-30,Male,,Native Hawaiian or Pacific Islander,,Native Hawaiian or Pacific Islander,No,NYU,No,2018,Suffolk County,,Miller Place,Yes,Miller Place Elementary,3-5,"3-5 		",11-15,"1st   	 ","Children with autism spectrum disorder ,Children with speech sound disorders (i.e., articulation and phonological),Children with motor speech disorders (i.e., Childhood Apraxia of Speech)",,6-10,"Hispanic, Latino, or Spanish origin",No,,No,,Always,Always,"Often ","If yes, please provide the graduate course name",,Sometimes,None,Neutral,Neutral,Disagree,Neutral,Agree,Disagree,"Workshops,Lecture(s)",Yes,Online Modules,,Yes,Neutral,Neutral,"Agree ",Very Important,Very Important,Neutral,Neutral,Neutral,Neutral,Very Important,,,"Entire undergraduate course,Entire graduate course,Integrated into existing undergraduate courses,Integrated into existing graduate courses",,
2024-11-21 11:10:40,2024-11-21 11:19:27,IP Address,174.244.147.29,100,526,True,2024-11-21 11:19:29,R_65wE573x0B80vE5,,,,,40.6286,-73.939,anonymous,EN,36-40,Male,,White,,White,No,NYU,No,2014,Nassau County,,Hempstead,Yes,Hempstead Elementary,"6-10 ","6-10 		",1-5,"K      	,1st   	 ","Children with speech sound disorders (i.e., articulation and phonological),Children with motor speech disorders (i.e., Childhood Apraxia of Speech),Children who are learning English as an additional language",,1-5,Asian,No,,No,,Always,"Often ",Always,"If yes, please provide the graduate course name",,Often,3-4,Strongly Agree,Strongly Agree,Disagree,Strongly Agree,Agree,Strongly Disagree,"One or more course(s),Workshops,Lecture(s)",Yes,"Online Modules,Workshops,Seminars",,Yes,Strongly Agree,Strongly Agree,"Agree ",Very Important,Very Important,Very Important,Very Important,Neutral,Neutral,Very Important,,,"Entire undergraduate course,Entire graduate course,Integrated into existing undergraduate courses,Integrated into existing graduate courses",,
2024-11-21 11:31:39,2024-11-21 11:36:54,IP Address,174.244.147.29,100,314,True,2024-11-21 11:36:55,R_3ZWh0OVJzW9QqEv,,,,,40.6286,-73.939,anonymous,EN,41-45,Female,,Black or African American,,"Black or African American ",No,Adelphi,No,2010,Nassau County,,Hicksville,Yes,Woodland Elementary,"11-15 		","11-15 		",11-15,"K      	,1st   	 ,2nd		,3rd   		,4th         	","Children with autism spectrum disorder ,Children with hearing loss,Children with speech sound disorders (i.e., articulation and phonological),Children with motor speech disorders (i.e., Childhood Apraxia of Speech),Children who are learning English as an additional language",,1-5,"Hispanic, Latino, or Spanish origin",No,,No,,"Often ","Often ",Always,"If yes, please provide the graduate course name",,Often,3-4,Strongly Agree,Strongly Agree,Strongly Disagree,Strongly Agree,Agree,Strongly Disagree,"One or more course(s),Hands-on experience (e.g., clinical rotations and externships)",Yes,"Online Modules,Workshops,Webinars",,Yes,Strongly Agree,Strongly Agree,Strongly Agree,Very Important,Very Important,Neutral,Very Important,Neutral,Neutral,Very Important,Very Important,,"Entire graduate course,Integrated into existing graduate courses",,
2024-11-21 11:45:33,2024-11-21 11:48:45,IP Address,174.244.147.29,100,192,True,2024-11-21 11:48:46,R_6gwIdEZXXGMKFI9,,,,,40.6286,-73.939,anonymous,EN,31-35,Male,,Asian,,Asian,No,SBU,No,2014,Suffolk County,,Riverhead,Yes,Pulaski Street School,"6-10 ","6-10 		",11-15,"1st   	 ,2nd		,3rd   		","Children with autism spectrum disorder ,Children who are learning English as an additional language",,1-5,"Hispanic, Latino, or Spanish origin",No,,No,,Always,Always,Always,"If yes, please provide the graduate course name",,Often,3-4,Strongly Agree,Agree,Disagree,Strongly Agree,Agree,Disagree,"Workshops,Guest Speaker(s),Lecture(s),Hands-on experience (e.g., clinical rotations and externships)",Yes,"Online Modules,Workshops,Seminars,Webinars",,Yes,Strongly Agree,Strongly Agree,"Agree ",Very Important,Important,Important,Important,Important,Important,Very Important,,,"Entire graduate course,Integrated into existing graduate courses",,
2024-11-21 11:49:54,2024-11-21 11:54:41,IP Address,174.244.147.29,100,286,True,2024-11-21 11:54:41,R_7gNoTDIk2CrVOnB,,,,,40.6286,-73.939,anonymous,EN,26-30,Male,,"Black or African American,Asian",,"Asian,Black or African American ",No,Adelphi,No,2017,Suffolk County,,Patchogue Medford,Yes,Medford Elementary,3-5,"3-5 		",1-5,"1st   	 ,2nd		","Children with hearing loss,Children who are learning English as an additional language",,1-5,Native Hawaiian or Pacific Islander,No,,No,,"Often ","Often ","Often ",No,,"Rarely ",None,Neutral,Disagree,Agree,Neutral,Neutral,Agree,Lecture(s),No,Online Modules,,No,Disagree,Disagree,Neutral,Very Important,Very Important,Neutral,Very Important,Very Important,Very Important,Very Important,,,"Entire undergraduate course,Entire graduate course,Integrated into existing undergraduate courses,Integrated into existing graduate courses",,
2024-11-21 14:21:35,2024-11-21 14:27:21,IP Address,129.49.252.177,100,346,True,2024-11-21 14:27:22,R_3ytOBEjibVjPRDj,,,,,40.9076,-73.122,anonymous,EN,36-40,Female,,White,,"Hispanic, Latino, or Spanish origin",No,Adelphi,No,2015,Suffolk County,,Riverhead,Yes,Pulaski Street School,"6-10 ","3-5 		",6-10,"Pre-K 	   ,K      	,1st   	 ","Children with speech sound disorders (i.e., articulation and phonological),Children with motor speech disorders (i.e., Childhood Apraxia of Speech),Children who are learning English as an additional language",,1-5,"Hispanic, Latino, or Spanish origin","If yes, please indicate what language.",Spanish,"If yes, please indicate what language.",Intermediate,"Often ","Often ",Sometimes,"If yes, please provide the graduate course name",,Sometimes,1-2,Strongly Agree,Strongly Agree,Strongly Disagree,Strongly Agree,Strongly Agree,Strongly Disagree,"Lecture(s),Hands-on experience (e.g., clinical rotations and externships)",Yes,"Online Modules,Workshops",,Yes,Agree,Agree,"Agree ",Very Important,Very Important,Neutral,Very Important,Very Important,Neutral,Very Important,,,"Entire undergraduate course,Entire graduate course",,
2024-11-21 14:29:15,2024-11-21 14:34:05,IP Address,129.49.252.177,100,290,True,2024-11-21 14:34:06,R_7rCR8QwqN3tSDWb,,,,,40.9076,-73.122,anonymous,EN,26-30,Male,,White,,"Hispanic, Latino, or Spanish origin",No,Adelphi,No,2018,Nassau County,,Hicksville,Yes,East Street Elementary,"6-10 ","1-2		",1-5,"1st   	 ",Children who are learning English as an additional language,,1-5,"Middle Eastern or North African ",No,,No,,"Often ","Often ","Often ",No,,"Rarely ",None,Neutral,Disagree,Agree,Disagree,Agree,Agree,None,Yes,Online Modules,,No,Agree,Agree,"Agree ",Very Important,Very Important,Neutral,Very Important,Neutral,Neutral,Very Important,,,"Integrated into existing undergraduate courses,Integrated into existing graduate courses",,
2024-11-21 14:35:04,2024-11-21 14:39:23,IP Address,129.49.252.177,100,259,True,2024-11-21 14:39:24,R_7tHjH6m14Z8uvUl,,,,,40.9076,-73.122,anonymous,EN,31-35,Male,,"Black or African American,American Indian or Alaska Native",,"American Indian or Alaskan Native,Black or African American ",No,St. Johns,No,2014,Suffolk County,,Miller Place,Yes,Miller Place Elementary,"6-10 ","3-5 		",16-20,"1st   	 ,2nd		","Children with speech sound disorders (i.e., articulation and phonological),Children who are learning English as an additional language",,11-15,Asian,No,,No,,"Often ","Often ",Sometimes,No,,Sometimes,None,Neutral,Disagree,Neutral,Neutral,Neutral,Neutral,"Workshops,Guest Speaker(s)",No,None,,No,Neutral,Neutral,"Agree ",Very Important,Very Important,Neutral,Neutral,Neutral,Neutral,Important,,,"Entire graduate course,Integrated into existing graduate courses",,
